<?xml version="1.0" encoding="UTF-8"?>
<rss version="2.0" xmlns:ror="http://rorweb.com/0.1/" >
<channel>
  <title>ROR Sitemap for https://frangiov86.github.io/entregafinal/</title>
  <link>https://frangiov86.github.io/entregafinal/</link>

<item>
     <link>https://frangiov86.github.io/entregafinal/</link>
     <title>Index | Asushin</title>
     <description>Asushin es uno de los shipeos mas famosos del animé Neon Genesis Evangelion.
    Se trata de la unión de dos personajes claves. Shinji Ikari y Asuka Langley Soryu</description>
     <ror:updatePeriod></ror:updatePeriod>
     <ror:sortOrder>0</ror:sortOrder>
     <ror:resourceOf>sitemap</ror:resourceOf>
</item>
<item>
     <link>https://frangiov86.github.io/entregafinal/index.html</link>
     <title>Index | Asushin</title>
     <description>Asushin es uno de los shipeos mas famosos del animé Neon Genesis Evangelion.
    Se trata de la unión de dos personajes claves. Shinji Ikari y Asuka Langley Soryu</description>
     <ror:updatePeriod></ror:updatePeriod>
     <ror:sortOrder>1</ror:sortOrder>
     <ror:resourceOf>sitemap</ror:resourceOf>
</item>
<item>
     <link>https://frangiov86.github.io/entregafinal/pages/personajes.html</link>
     <title>Personajes | Asushin</title>
     <description>Los personajes principales de éste anime, son 
    Shinji Ikari y Asuka Langley Soryu</description>
     <ror:updatePeriod></ror:updatePeriod>
     <ror:sortOrder>1</ror:sortOrder>
     <ror:resourceOf>sitemap</ror:resourceOf>
</item>
<item>
     <link>https://frangiov86.github.io/entregafinal/pages/universo.html</link>
     <title>Universo | Asushin</title>
     <description>El Universo de Evangelion, se trata de una franquicia basada
    en el animé homónimo de 1995 y todo el merchandising relativo a los personajes, el lore y además del fandom</description>
     <ror:updatePeriod></ror:updatePeriod>
     <ror:sortOrder>1</ror:sortOrder>
     <ror:resourceOf>sitemap</ror:resourceOf>
</item>
<item>
     <link>https://frangiov86.github.io/entregafinal/pages/manga1993.html</link>
     <title>Manga 1993| Asushin</title>
     <description>El Manga data de 1993 y fue realizado por el estudio Gainax, bajo la supervisión y 
    creación de personajes del mangaka Yoshiyuki Sadamoto</description>
     <ror:updatePeriod></ror:updatePeriod>
     <ror:sortOrder>1</ror:sortOrder>
     <ror:resourceOf>sitemap</ror:resourceOf>
</item>
<item>
     <link>https://frangiov86.github.io/entregafinal/pages/form.html</link>
     <title>Aushin | Formulario </title>
     <description>Aushin | Formulario </description>
     <ror:updatePeriod></ror:updatePeriod>
     <ror:sortOrder>1</ror:sortOrder>
     <ror:resourceOf>sitemap</ror:resourceOf>
</item>
<item>
     <link>https://frangiov86.github.io/entregafinal/pages/anime1995.html</link>
     <title>Anime 1995 | Asushin</title>
     <description>El anime de 1995, fue dirigido por Hideaki Anno bajo su supervisión 
    del estudio Gainax</description>
     <ror:updatePeriod></ror:updatePeriod>
     <ror:sortOrder>2</ror:sortOrder>
     <ror:resourceOf>sitemap</ror:resourceOf>
</item>
</channel>
</rss>
  